route_index,trip_id,physical_vehicle_id,vehicle_type,service_node_sequence,customer_sequence,depart_min,depart_time,return_min,return_time,total_weight_kg,total_volume_m3,total_distance_km,fixed_cost,energy_cost,carbon_cost,penalty_cost,total_cost
1,T0001,F1-001,F1,127->133,76->82,480.0,08:00,834.1650037135203,13:54,2749.3837000000003,8.61355,107.62501131519579,400.0,245.07050386718623,53.314910995705674,32.87593245240983,731.2613473153018
2,T0002,F1-002,F1,111,66,480.0,08:00,682.7209402766069,11:23,2791.0139,8.6796,95.9412595017608,400.0,225.54138664416678,49.066365658180075,0.0,674.6077523023469
3,T0003,E1-001,E1,20->37->144,16->35->93,480.0,08:00,882.0845716541821,14:42,1875.4747,4.41163,163.31294493737846,400.0,99.80191231509656,19.81737362525073,31.67325909824448,551.2925450385917
4,T0004,E1-002,E1,40->82,37->56,480.0,08:00,958.2518177683079,15:58,2920.0026333333335,7.729206666666667,161.6030023909068,400.0,104.45953308651822,20.742223749771135,60.058899930056896,585.2606567663462
5,T0005,E1-003,E1,130->136,79->85,480.0,08:00,787.3946028347746,13:07,2908.9603,8.787469999999999,116.11535894605049,400.0,78.78345528538019,15.643800130295158,0.0,494.42725541567535
6,T0006,F1-003,F1,139->94,88->60,586.0795681295833,09:46,709.8835984950197,11:50,2556.258,7.0418775,45.5776524614206,400.0,107.95856876505555,23.486308609591028,0.0,531.4448773746466
7,T0007,E1-004,E1,14,9,559.9747779457219,09:20,706.3464060817935,11:46,2506.7093,6.65072,80.8598259867192,400.0,51.4187369830244,10.210068108854816,0.0,461.62880509187926
8,T0008,F1-004,F1,137->87,86->57,573.7614311940539,09:34,947.9889121327144,15:48,2736.112666666667,8.486756666666667,78.0035579842412,400.0,183.70573381902324,39.96504962208724,72.6307614445615,696.3015448856719
9,T0009,E1-005,E1,48->146->2,42->95->3,541.0761122960852,09:01,1050.8514212624987,17:31,2458.3018666666667,6.009913333333333,163.3470127172228,400.0,100.98189152589268,20.051678643540825,71.4906830478867,592.5242532173203
10,T0010,E1-006,E1,46->35,42->33,541.0761122960852,09:01,811.4797502010822,13:31,2641.2003666666665,6.388793333333334,127.52201960243892,400.0,81.97751193376105,16.278034610505664,0.0,498.2555465442667
11,T0011,F1-005,F1,47,42,541.0761122960852,09:01,796.0884446659403,13:16,2113.9337666666665,5.0089733333333335,125.1363663342164,400.0,281.46924735329105,61.23343133452576,0.0,742.7026786878168
12,T0012,F1-006,F1,92,60,594.7876041811693,09:55,674.1425279316762,11:14,2476.6573,6.5043975,36.748182959378,400.0,84.1096062784961,18.297984057078082,0.0,502.40759033557424
13,T0013,F1-007,F1,93,60,594.7876041811693,09:55,674.1425279316762,11:14,2476.6573,6.5043975,36.748182959378,400.0,84.1096062784961,18.297984057078082,0.0,502.40759033557424
14,T0014,F1-008,F1,95,60,594.7876041811693,09:55,674.1425279316762,11:14,2476.6573,6.5043975,36.748182959378,400.0,84.1096062784961,18.297984057078082,0.0,502.40759033557424
15,T0015,E1-007,E1,41->39,38->36,543.4986512331809,09:03,1029.8632469516947,17:10,2916.35995,9.22115,139.9558557061306,400.0,92.16404983018546,18.300745626341403,80.30444620082156,590.7692416573484
16,T0016,E1-008,E1,10,8,595.5326058531044,09:56,786.4420776911993,13:06,2937.388405,9.006755,66.0548965441108,400.0,43.173534124044984,8.572842309448323,0.0,451.7463764334933
17,T0017,E1-009,E1,11,8,595.5326058531044,09:56,786.4420776911993,13:06,2937.388405,9.006755,66.0548965441108,400.0,43.173534124044984,8.572842309448323,0.0,451.7463764334933
18,T0018,E1-010,E1,12,8,595.5326058531044,09:56,786.4420776911993,13:06,2937.388405,9.006755,66.0548965441108,400.0,43.173534124044984,8.572842309448323,0.0,451.7463764334933
19,T0019,E1-004,E1,13,8,706.3464060817935,11:46,858.6164298779064,14:19,2937.388405,9.006755,66.0548965441108,0.0,43.290426066012714,8.5960532002421,79.81828926951323,131.70476853576804
20,T0020,F1-009,F1,55,46,575.3510717494449,09:35,835.144407454895,13:55,1659.91985,5.44331,130.3961910751898,400.0,285.7144096461848,62.156963323224865,0.0,747.8713729694097
21,T0021,F1-010,F1,56,46,575.3510717494449,09:35,835.144407454895,13:55,1659.91985,5.44331,130.3961910751898,400.0,285.7144096461848,62.156963323224865,0.0,747.8713729694097
22,T0022,F1-011,F1,89,59,558.9577470962598,09:19,853.9898116740837,14:14,2935.7956,7.748356666666667,164.154552852561,400.0,384.9856619780972,83.75335252139801,0.0,868.7390144994952
23,T0023,F1-012,F1,90,59,558.9577470962598,09:19,853.9898116740837,14:14,2935.7956,7.748356666666667,164.154552852561,400.0,384.9856619780972,83.75335252139801,0.0,868.7390144994952
24,T0024,F1-013,F1,91,59,558.9577470962598,09:19,853.9898116740837,14:14,2935.7956,7.748356666666667,164.154552852561,400.0,384.9856619780972,83.75335252139801,0.0,868.7390144994952
25,T0025,F1-014,F1,138->128->148->4,87->77->98->5,547.6144862453673,09:08,1350.513396216099,22:31,2905.6583,7.938540000000001,191.46549396694658,400.0,462.20660668477694,100.55271323219219,160.08351402262477,1122.842833939594
26,T0026,E1-008,E1,17->25,11->27,786.4420776911993,13:06,1223.8881283407438,20:24,2942.33215,8.183015,171.1659153953714,0.0,109.47057344866121,21.73725136802227,118.89448166272284,250.1023064794063
27,T0027,F1-002,F1,30->147->129,30->97->78,682.7209402766069,11:23,1336.9325979179714,22:17,2234.723,5.49789,127.58629079717947,0.0,282.5138033494709,61.46067373655936,115.8008837337616,459.7753608197918
28,T0028,F1-015,F1,117->145,70->94,480.0,08:00,890.3142813899766,14:50,2846.5115,8.200815,212.8729960144284,400.0,509.174002103439,110.77043616062399,0.0,1019.944438264063
29,T0029,F1-016,F1,118,70,480.0,08:00,900.4201238829876,15:00,2837.3255,8.182865,240.481206424296,400.0,561.8887748394251,122.23849687061895,0.0,1084.127271710044
30,T0030,E1-009,E1,5,6,786.4420776911993,13:06,894.6260939697497,14:55,2236.8216,5.991599999999999,81.2762683367306,0.0,50.98489343426576,10.12392106516381,42.94507152539543,104.053886024825
31,T0031,E1-010,E1,6,6,786.4420776911993,13:06,894.6260939697497,14:55,2236.8216,5.991599999999999,81.2762683367306,0.0,50.98489343426576,10.12392106516381,42.94507152539543,104.053886024825
32,T0032,E1-003,E1,19->68,13->52,787.3946028347746,13:07,1075.996225267736,17:56,2778.5495333333333,6.9755866666666675,160.8881918970892,0.0,100.98296650862902,20.05189209971649,45.19822354940867,166.23308215775415
33,T0033,F1-006,F1,96,61,674.1425279316762,11:14,897.4225143388865,14:57,2004.6885,6.13507,113.846992569318,0.0,254.83863905894756,55.439961746917305,0.0,310.27860080586487
34,T0034,F1-007,F1,97,61,674.1425279316762,11:14,897.4225143388865,14:57,2004.6885,6.13507,113.846992569318,0.0,254.83863905894756,55.439961746917305,0.0,310.27860080586487
35,T0035,F1-008,F1,98,61,674.1425279316762,11:14,897.4225143388865,14:57,2004.6885,6.13507,113.846992569318,0.0,254.83863905894756,55.439961746917305,0.0,310.27860080586487
36,T0036,F1-003,F1,45,41,709.8835984950197,11:50,914.2402052955051,15:14,2786.4185,7.85191,112.0207333701614,0.0,260.9671582911119,56.77321667659006,0.0,317.74037496770194
37,T0037,E1-006,E1,7,7,811.4797502010822,13:31,1003.8180066174971,16:44,2487.7442666666666,6.078013333333334,124.4054541356592,0.0,78.94890655301822,15.676653304262434,25.807622215033444,120.4331820723141
38,T0038,E1-004,E1,8,7,858.6164298779064,14:19,1066.209486451632,17:46,2487.7442666666666,6.078013333333334,124.4054541356592,0.0,78.89587967274927,15.666123911848052,77.31761290767423,171.87961649227157
39,T0039,E1-001,E1,9->142,7->91,882.0845716541821,14:42,1177.7689039661946,19:38,2558.1792666666665,6.469033333333334,156.79570646545028,0.0,97.21665281768895,19.30402621346367,107.86818353451149,224.3888625656641
40,T0040,F1-005,F1,61,49,796.0884446659403,13:16,852.3878074280514,14:12,2243.418,6.769475,33.455912679079,0.0,73.96442582881157,16.090907382508412,0.0,90.05533321131998
41,T0041,F1-017,F1,62,49,711.4410836354723,11:51,824.1496813810555,13:44,2243.418,6.769475,33.455912679079,400.0,78.69245545893624,17.11948681143783,0.0,495.81194227037406
42,T0042,F1-018,F1,34->76,32->54,583.762886451058,09:44,1222.8906369131187,20:23,2915.2203,7.68288,202.1611870628801,400.0,481.14201994623284,104.67209870196922,71.5766708993857,1057.3907895475877
43,T0043,F1-019,F1,123,74,620.512635389442,10:21,882.4313328610082,14:42,1862.9861,5.46936,131.671756907125,400.0,293.12605190725907,63.76936074048131,0.0,756.8954126477404
44,T0044,F1-020,F1,124,74,620.512635389442,10:21,882.4313328610082,14:42,1862.9861,5.46936,131.671756907125,400.0,293.12605190725907,63.76936074048131,0.0,756.8954126477404
45,T0045,F1-021,F1,122,73,626.039385461931,10:26,901.3956427866566,15:01,2996.466,7.5462,145.4268584882548,400.0,344.8403415587055,75.01976707851708,0.0,819.8601086372225
46,T0046,F1-011,F1,134->131->120,83->80->71,853.9898116740837,14:14,1305.6121059993168,21:46,2966.7158,9.717839999999999,147.4181406640035,0.0,327.57323412909545,71.26332033671801,52.12752850243665,450.9640829682501
47,T0047,F1-017,F1,141->135->22,90->84->24,824.1496813810555,13:44,1142.6148597429558,19:03,2968.0380000000005,7.55055,155.994452650571,0.0,374.6390335449072,81.50245098360986,12.235607302203448,468.3770918307205
48,T0048,F1-022,F1,83,56,656.6634364689803,10:57,958.2518177683081,15:58,2355.0536333333334,5.909806666666667,160.90381163327,400.0,367.22952509337574,79.8905177750773,0.0,847.1200428684531
49,T0049,F1-023,F1,84,56,656.6634364689803,10:57,958.2518177683081,15:58,2355.0536333333334,5.909806666666667,160.90381163327,400.0,367.22952509337574,79.8905177750773,0.0,847.1200428684531
50,T0050,F1-024,F1,42->140,39->89,656.590934269691,10:57,1135.3632530752932,18:55,2058.6938,5.276885,202.11165186504138,400.0,451.6229780107411,98.25025246329598,27.15335125868493,977.026581732722
51,T0051,F1-025,F1,43,39,656.590934269691,10:57,1014.5616081031903,16:55,2012.4458,5.003585,194.1693642284312,400.0,434.0731796414362,94.43230651187643,0.0,928.5054861533125
52,T0052,F1-001,F1,105,64,834.1650037135203,13:54,988.9183965189048,16:29,2949.9224,7.1290933333333335,96.9481575978232,0.0,225.46744372015604,49.05027942850254,0.0,274.5177231486586
53,T0053,F1-009,F1,106,64,835.144407454895,13:55,989.8978002602796,16:30,2949.9224,7.1290933333333335,96.9481575978232,0.0,225.46744372015604,49.05027942850254,0.0,274.5177231486586
54,T0054,F1-010,F1,107,64,835.144407454895,13:55,989.8978002602796,16:30,2949.9224,7.1290933333333335,96.9481575978232,0.0,225.46744372015604,49.05027942850254,0.0,274.5177231486586
55,T0055,F1-026,F1,88,58,793.7467254643815,13:14,966.0058215203305,16:06,2933.964,9.72773,118.4402027273234,400.0,274.2240542107692,59.6572448027121,0.0,733.8812990134813
56,T0056,F1-005,F1,125->24,75->26,852.3878074280514,14:12,1169.8847385257427,19:30,1554.5335,4.06496,179.5145665506675,0.0,379.74723023593174,82.61373548187869,0.0,462.3609657178104
57,T0057,F1-012,F1,126,75,853.9898116740837,14:14,1080.230895331026,18:00,1508.7203,3.92876,136.9422851523582,0.0,294.6951631062839,64.11071974778034,0.0,358.8058828540643
58,T0058,F1-013,F1,85,57,853.9898116740837,14:14,957.8228636951484,15:58,2203.217666666667,5.638176666666666,60.3135829832696,0.0,134.4940751210037,29.259088839234913,0.0,163.75316396023862
59,T0059,F1-019,F1,86,57,882.4313328610082,14:42,994.7815730567776,16:35,2203.217666666667,5.638176666666666,60.3135829832696,0.0,135.37083910899088,29.44982821115504,0.0,164.82066732014593
60,T0060,F1-020,F1,143,92,882.4313328610082,14:42,951.8220635852949,15:52,1524.5124999999998,3.82045,34.9674723950948,0.0,75.00705300453356,16.317730171045405,0.0,91.32478317557897
61,T0061,E1-009,E1,18,12,894.6260939697497,14:55,1028.982859951411,17:09,1726.8416000000002,4.3995500000000005,69.2528374292132,0.0,42.18287538899127,8.376130103917689,0.24501222701398245,50.80401771992294
62,T0062,F1-027,F1,69,52,806.5412952173989,13:27,1075.9962252677362,17:56,2238.4627333333333,5.696406666666667,178.1755458159284,400.0,398.3070958752769,86.65142083788629,0.0,884.9585167131631
63,T0063,F1-028,F1,70,52,806.5412952173989,13:27,1075.9962252677362,17:56,2238.4627333333333,5.696406666666667,178.1755458159284,400.0,398.3070958752769,86.65142083788629,0.0,884.9585167131631
64,T0064,F1-029,F1,38->132,36->81,850.1562578283911,14:10,1195.7613612668824,19:56,2998.23965,8.80191,196.8385188489601,400.0,458.5437541062523,99.75586230099948,0.0,958.2996164072518
65,T0065,F1-015,F1,53,45,890.3142813899766,14:50,1048.4485791589905,17:28,2899.9628,9.206685,84.711665689376,0.0,198.71661023850086,43.23065493828517,0.0,241.94726517678603
66,T0066,F1-006,F1,54,45,897.4225143388865,14:57,1059.5526831724005,17:40,2899.9628,9.206685,84.711665689376,0.0,199.15748368194951,43.32656663727353,0.0,242.48405031922306
67,T0067,F1-007,F1,116,69,897.4225143388865,14:57,1115.168429735125,18:35,2288.8859,6.06402,117.5249561613834,0.0,266.93290392022254,58.07106032656038,0.0,325.0039642467829
68,T0068,F1-008,F1,102,63,897.4225143388865,14:57,1075.9053507944664,17:56,2897.6633333333334,7.92595,94.3597395863948,0.0,221.82986788565574,48.25892743470399,0.0,270.08879532035974
69,T0069,F1-003,F1,103,63,914.2402052955051,15:14,1094.1719673063437,18:14,2897.6633333333334,7.92595,94.3597395863948,0.0,221.98969575530117,48.29369787223244,0.0,270.2833936275336
70,T0070,F1-004,F1,104,63,947.9889121327144,15:48,1127.920674143553,18:48,2897.6633333333334,7.92595,94.3597395863948,0.0,221.98969575530117,48.29369787223244,0.0,270.2833936275336
71,T0071,F1-022,F1,108,65,958.2518177683081,15:58,1125.4967971673464,18:45,2184.1955666666668,4.921436666666667,86.8745378454326,0.0,196.2327371745879,42.69029014840854,0.0,238.92302732299643
72,T0072,F1-023,F1,109,65,958.2518177683081,15:58,1125.4967971673464,18:45,2184.1955666666668,4.921436666666667,86.8745378454326,0.0,196.2327371745879,42.69029014840854,0.0,238.92302732299643
73,T0073,F1-013,F1,110,65,957.8228636951484,15:58,1125.0678430941866,18:45,2184.1955666666668,4.921436666666667,86.8745378454326,0.0,196.2327371745879,42.69029014840855,0.0,238.92302732299646
74,T0074,F1-020,F1,58,48,951.8220635852949,15:52,1093.1056984210186,18:13,2866.2425333333335,6.516393333333333,71.557344553077,0.0,168.04948616539127,36.559044260330296,0.0,204.60853042572157
75,T0075,F1-026,F1,59,48,966.0058215203305,16:06,1107.2894563560542,18:27,2866.2425333333335,6.516393333333333,71.557344553077,0.0,168.04948616539127,36.559044260330296,0.0,204.60853042572157
76,T0076,F1-016,F1,60,48,905.3581825821382,15:05,1046.6418174178618,17:27,2866.2425333333335,6.516393333333333,71.557344553077,0.0,168.0494861653913,36.559044260330296,0.0,204.6085304257216
77,T0077,F1-021,F1,23,25,921.8116010162423,15:22,1056.1883989837577,17:36,2528.1351,5.33839,67.482310800834,0.0,155.48031275050087,33.824629668080384,0.0,189.30494241858125
78,T0078,E1-002,E1,31,31,958.2518177683079,15:58,1156.5858864115778,19:17,2257.2069333333334,5.148423333333334,105.2171004995292,0.0,65.8751445709429,13.080634652150946,0.0,78.95577922309384
79,T0079,E1-010,E1,32,31,919.8329656783651,15:20,1118.167034321635,18:38,2257.2069333333334,5.148423333333334,105.2171004995292,0.0,65.8751445709429,13.080634652150946,0.0,78.95577922309384
80,T0080,F1-030,F1,33,31,919.8329656783651,15:20,1118.167034321635,18:38,2257.2069333333334,5.148423333333334,105.2171004995292,400.0,238.6748093444462,51.92353227466465,0.0,690.5983416191109
81,T0081,F1-001,F1,49,43,988.9183965189048,16:29,1139.726998866622,19:00,2530.79035,6.80844,77.177075385153,0.0,177.84414052503087,38.68986423734755,0.0,216.5340047623784
82,T0082,F1-009,F1,50,43,989.8978002602796,16:30,1140.7064026079968,19:01,2530.79035,6.80844,77.177075385153,0.0,177.84414052503087,38.68986423734755,0.0,216.5340047623784
83,T0083,F1-010,F1,51,44,989.8978002602796,16:30,1167.0635636751865,19:27,2276.15445,5.812015,92.727800414795,0.0,210.57498767277906,45.81043637866877,0.0,256.38542405144784
84,T0084,F1-019,F1,52,44,994.7815730567776,16:35,1171.9473364716844,19:32,2276.15445,5.812015,92.727800414795,0.0,210.57498767277906,45.81043637866877,0.0,256.38542405144784
85,T0085,F1-031,F1,74->1,54->2,885.3466808910598,14:45,1215.7785541809997,20:16,2487.7761,6.60081,176.2148227455297,400.0,409.58894490192785,89.10577893986684,1.660164546069988,900.3548883878645
86,T0086,F1-032,F1,75->21->36,54->19->34,885.3466808910598,14:45,1360.9549427152056,22:41,2846.3081,8.15277,225.3221539320014,400.0,523.0239221936059,113.78347626644211,55.45647963858244,1092.2638780986304
87,T0087,F1-025,F1,66->29,51->29,1014.5616081031903,16:55,1245.205376669784,20:45,2578.13715,6.927294999999999,112.4798234542903,0.0,253.9194227372031,55.239986900469994,0.0,309.1594096376731
88,T0088,F1-015,F1,67,51,1048.4485791589905,17:28,1203.5963279347066,20:04,1704.19215,4.879655,79.7371717776724,0.0,175.07980427126546,38.088484883218605,0.0,213.16828915448406
89,T0089,E1-006,E1,26,27,1003.8180066174971,16:44,1289.5942632989847,21:30,1616.80205,3.819855,156.8079914420778,0.0,94.93475273515438,18.85091599280672,0.0,113.7856687279611
90,T0090,F1-016,F1,44,40,1046.6418174178618,17:27,1251.1982775344557,20:51,2691.1358,7.9507,108.8883114687904,0.0,253.21342484914865,55.08639757017189,0.0,308.29982241932055
91,T0091,E1-007,E1,77,55,1029.8632469516947,17:10,1273.7388605066362,21:14,2439.52946,6.159698000000001,132.0866119974154,0.0,83.47501550435615,16.575389511581452,0.0,100.0504050159376
92,T0092,E1-009,E1,78,55,1028.982859951411,17:09,1272.8584735063525,21:13,2439.52946,6.159698000000001,132.0866119974154,0.0,83.47501550435615,16.575389511581452,0.0,100.0504050159376
93,T0093,F1-033,F1,79,55,963.0621932225292,16:03,1206.9378067774708,20:07,2439.52946,6.159698000000001,132.0866119974154,400.0,302.79124351400054,65.87201618917261,0.0,768.6632597031733
94,T0094,F1-034,F1,80,55,963.0621932225292,16:03,1206.9378067774708,20:07,2439.52946,6.159698000000001,132.0866119974154,400.0,302.79124351400054,65.87201618917261,0.0,768.6632597031733
95,T0095,F1-035,F1,81,55,963.0621932225292,16:03,1206.9378067774708,20:07,2439.52946,6.159698000000001,132.0866119974154,400.0,302.79124351400054,65.87201618917261,0.0,768.6632597031733
96,T0096,F1-003,F1,71,53,1094.1719673063437,18:14,1184.3876368315503,19:44,2321.281966666667,6.252913333333333,41.4272450198718,0.0,94.32261492720556,20.51981670732394,0.0,114.8424316345295
97,T0097,F1-006,F1,72,53,1059.5526831724005,17:40,1149.768352697607,19:10,2321.281966666667,6.252913333333333,41.4272450198718,0.0,94.32261492720556,20.51981670732394,0.0,114.8424316345295
98,T0098,F1-008,F1,73,53,1075.9053507944664,17:56,1166.1210203196729,19:26,2321.281966666667,6.252913333333333,41.4272450198718,0.0,94.32261492720556,20.51981670732394,0.0,114.8424316345295
99,T0099,F1-012,F1,113,68,1080.230895331026,18:00,1272.7343205850018,21:13,2471.6624666666667,5.810966666666666,101.7770208998458,0.0,233.74036260612735,50.85004695303208,0.0,284.5904095591594
100,T0100,F1-020,F1,114,68,1093.1056984210186,18:13,1285.6091236749944,21:26,2471.6624666666667,5.810966666666666,101.7770208998458,0.0,233.74036260612735,50.85004695303208,0.0,284.5904095591594
101,T0101,F1-021,F1,115,68,1056.1883989837577,17:36,1248.6918242377335,20:49,2471.6624666666667,5.810966666666666,101.7770208998458,0.0,233.74036260612735,50.85004695303208,0.0,284.5904095591594
102,T0102,F1-004,F1,112,67,1127.920674143553,18:48,1320.646578497718,22:01,2860.4382,8.92494,101.9082835689574,0.0,239.24966849864012,52.04859246818971,0.0,291.29826096682984
103,T0103,F1-001,F1,57,47,1139.726998866622,19:00,1215.7619266640688,20:16,2784.5018,8.09606,33.0606074004938,0.0,77.28625791411821,16.813569551868387,0.0,94.09982746598659
104,T0104,F1-007,F1,99,62,1115.168429735125,18:35,1300.8509974091482,21:41,2934.7648000000004,8.376146666666667,97.7527149276738,0.0,230.44869948842071,50.133948020769374,0.0,280.5826475091901
105,T0105,F1-026,F1,100,62,1107.2894563560542,18:27,1292.9720240300774,21:33,2934.7648000000004,8.376146666666667,97.7527149276738,0.0,230.44869948842071,50.133948020769374,0.0,280.5826475091901
106,T0106,F1-027,F1,101,62,1075.9962252677362,17:56,1261.6787929417594,21:02,2934.7648000000004,8.376146666666667,97.7527149276738,0.0,230.44869948842071,50.133948020769374,0.0,280.5826475091901
107,T0107,F1-006,F1,121,72,1149.768352697607,19:10,1310.562696327118,21:51,2725.3232,7.50056,83.0686627414114,0.0,193.54463164624383,42.10549473350052,0.0,235.65012637974434
108,T0108,E1-003,E1,3->119,4->71,1109.6285218572589,18:30,1383.709235257262,23:04,2977.0965,8.43028,138.1076209060019,0.0,85.94688324310297,17.066221053729564,0.0,103.01310429683254
109,T0109,F1-013,F1,27,28,1125.0678430941866,18:45,1352.8709198067613,22:33,1628.6557500000001,3.98015,122.6038152604192,0.0,267.98524042281554,58.2999953721409,0.0,326.2852357949564
110,T0110,F1-022,F1,28,28,1125.4967971673464,18:45,1353.299873879921,22:33,1628.6557500000001,3.98015,122.6038152604192,0.0,267.98524042281554,58.2999953721409,0.0,326.2852357949564
111,T0111,E1-004,E1,15,10,1096.7141515468877,18:17,1283.2858484531123,21:23,1879.9925,7.278745,98.2773011746724,0.0,60.333828469662635,11.980311732405879,0.0,72.31414020206851
112,T0112,E1-005,E1,16,10,1096.7141515468877,18:17,1283.2858484531123,21:23,1879.9925,7.278745,98.2773011746724,0.0,60.333828469662635,11.980311732405879,0.0,72.31414020206851
113,T0113,E1-010,E1,63,50,1118.167034321635,18:38,1377.1204010344115,22:57,2650.7700333333332,7.165916666666667,140.9824863605382,0.0,90.05807065079559,17.882567504531455,0.0,107.94063815532704
114,T0114,F1-023,F1,64,50,1125.4967971673464,18:45,1384.450163880123,23:04,2650.7700333333332,7.165916666666667,140.9824863605382,0.0,327.09851318051244,71.16004513745037,0.0,398.2585583179628
115,T0115,F1-024,F1,65,50,1135.3632530752932,18:55,1394.3166197880698,23:14,2650.7700333333332,7.165916666666667,140.9824863605382,0.0,327.09851318051244,71.16004513745037,0.0,398.2585583179628
